[ {
  "@id" : "http://dbpedia.org/resource/Alberschwende",
  "@type" : [ "http://dbpedia.org/class/yago/WikicatCitiesAndTownsInVorarlberg", "http://dbpedia.org/ontology/PopulatedPlace", "http://dbpedia.org/ontology/Location" ],
  "http://purl.org/dc/terms/title" : [ {
    "@value" : "Alberschwende"
  } ],
  "http://www.w3.org/2002/07/owl#sameAs" : [ {
    "@id" : "http://dbpedia.org/resource/Alberschwende"
  }, {
    "@id" : "http://de.dbpedia.org/resource/Alberschwende"
  } ]
}, {
  "@id" : "http://dbpedia.org/resource/Altach",
  "@type" : [ "http://dbpedia.org/class/yago/WikicatCitiesAndTownsInVorarlberg", "http://dbpedia.org/ontology/PopulatedPlace", "http://dbpedia.org/ontology/Location" ],
  "http://dbpedia.org/ontology/district" : [ {
    "@id" : "http://dbpedia.org/resource/Feldkirch,_Vorarlberg"
  } ],
  "http://purl.org/dc/terms/title" : [ {
    "@value" : "Altach"
  } ],
  "http://www.w3.org/2002/07/owl#sameAs" : [ {
    "@id" : "http://dbpedia.org/resource/Altach"
  }, {
    "@id" : "http://de.dbpedia.org/resource/Altach_(Barbing)"
  } ]
}, {
  "@id" : "http://dbpedia.org/resource/Andelsbuch",
  "@type" : [ "http://dbpedia.org/class/yago/WikicatCitiesAndTownsInVorarlberg", "http://dbpedia.org/ontology/PopulatedPlace", "http://dbpedia.org/ontology/Location" ],
  "http://purl.org/dc/terms/title" : [ {
    "@value" : "Andelsbuch"
  } ],
  "http://www.w3.org/2002/07/owl#sameAs" : [ {
    "@id" : "http://de.dbpedia.org/resource/Andelsbuch"
  } ]
}, {
  "@id" : "http://dbpedia.org/resource/Au,_Vorarlberg",
  "@type" : [ "http://dbpedia.org/class/yago/WikicatCitiesAndTownsInVorarlberg", "http://dbpedia.org/ontology/PopulatedPlace", "http://dbpedia.org/ontology/Location" ],
  "http://purl.org/dc/terms/title" : [ {
    "@value" : "Au"
  } ],
  "http://www.w3.org/2002/07/owl#sameAs" : [ {
    "@id" : "http://de.dbpedia.org/resource/Au_(Breisgau)"
  } ]
}, {
  "@id" : "http://dbpedia.org/resource/Feldkirch,_Vorarlberg",
  "@type" : [ "http://dbpedia.org/ontology/Region", "http://schema.org/Place" ],
  "http://purl.org/dc/terms/title" : [ {
    "@value" : "Feldkirch"
  } ],
  "http://www.w3.org/2002/07/owl#sameAs" : [ {
    "@id" : "http://dbpedia.org/resource/Roman_Catholic_Diocese_of_Feldkirch"
  }, {
    "@id" : "http://de.dbpedia.org/resource/Feldkirch"
  } ]
} ]