{
   "context":"http://www.w3.org/ns/csvw",
   "url":"LT-2009_20.csv",
   "tableSchema":{
      "columns":[
         {
            "name":"Gemeinde",
            "titles":[
               "Gemeinde"
            ],
            "dataType":"string",
            "aboutUrl":"{Gemeinde_url}",
            "propertyUrl":"dcterms:title"
         },
         {
            "name":"Gemeinde_url",
            "dataType":"anyURI",
            "suppressOutput":true,
            "valueUrl":"{Gemeinde_url}"
         },
         {
            "name":"Gemeinde_alternative_urls",
            "aboutUrl":"{Gemeinde_url}",
            "separator":" ",
            "propertyUrl":"owl:sameAs",
            "valueUrl":"{Gemeinde_alternative_urls}"
         },
         {
            "name":"Gemeinde_type",
            "virtual":true,
            "aboutUrl":"{Gemeinde_url}",
            "propertyUrl":"rdf:type",
            "valueUrl":"http://dbpedia.org/class/yago/WikicatCitiesAndTownsInVorarlberg"
         },
         {
            "name":"Gemeinde_type",
            "virtual":true,
            "aboutUrl":"{Gemeinde_url}",
            "propertyUrl":"rdf:type",
            "valueUrl":"http://dbpedia.org/ontology/PopulatedPlace"
         },
         {
            "name":"Gemeinde_type",
            "virtual":true,
            "aboutUrl":"{Gemeinde_url}",
            "propertyUrl":"rdf:type",
            "valueUrl":"http://dbpedia.org/ontology/Location"
         },
         {
            "name":"Bezirk",
            "titles":[
               "Bezirk"
            ],
            "dataType":"string",
            "aboutUrl":"{Bezirk_url}",
            "propertyUrl":"dcterms:title"
         },
         {
            "name":"Bezirk_url",
            "dataType":"anyURI",
            "suppressOutput":true,
            "valueUrl":"{Bezirk_url}"
         },
         {
            "name":"Bezirk_alternative_urls",
            "aboutUrl":"{Bezirk_url}",
            "separator":" ",
            "propertyUrl":"owl:sameAs",
            "valueUrl":"{Bezirk_alternative_urls}"
         },
         {
            "name":"Bezirk_type",
            "virtual":true,
            "aboutUrl":"{Bezirk_url}",
            "propertyUrl":"rdf:type",
            "valueUrl":"http://dbpedia.org/ontology/Region"
         },
         {
            "name":"Bezirk_type",
            "virtual":true,
            "aboutUrl":"{Bezirk_url}",
            "propertyUrl":"rdf:type",
            "valueUrl":"http://schema.org/Place"
         },
         {
            "name":"Bezirk_type",
            "virtual":true,
            "aboutUrl":"{Bezirk_url}",
            "propertyUrl":"rdf:type",
            "valueUrl":"http://schema.org/Place"
         },
         {
            "name":"Wahlberechtigte",
            "titles":[
               "Wahlberechtigte"
            ],
            "dataType":"string"
         },
         {
            "name":"Maenner",
            "titles":[
               "Maenner"
            ],
            "dataType":"string"
         },
         {
            "name":"Frauen",
            "titles":[
               "Frauen"
            ],
            "dataType":"string"
         },
         {
            "name":"Abgegebene Stimmen",
            "titles":[
               "Abgegebene Stimmen"
            ],
            "dataType":"string"
         },
         {
            "name":"Gueltig",
            "titles":[
               "Gueltig"
            ],
            "dataType":"string"
         },
         {
            "name":"Ungueltig",
            "titles":[
               "Ungueltig"
            ],
            "dataType":"string"
         },
         {
            "name":"ï¿½VP",
            "titles":[
               "ï¿½VP"
            ],
            "dataType":"string"
         },
         {
            "name":"ï¿½VP_type",
            "virtual":true,
            "aboutUrl":"{ï¿½VP_url}",
            "propertyUrl":"rdf:type",
            "valueUrl":"http://dbpedia.org/ontology/areaCode"
         },
         {
            "name":"SPï¿½",
            "titles":[
               "SPï¿½"
            ],
            "dataType":"string"
         },
         {
            "name":"FPï¿½",
            "titles":[
               "FPï¿½"
            ],
            "dataType":"string"
         },
         {
            "name":"Grï¿½ne",
            "titles":[
               "Grï¿½ne"
            ],
            "dataType":"string"
         },
         {
            "name":"Kiebitz",
            "titles":[
               "Kiebitz"
            ],
            "dataType":"string"
         },
         {
            "name":"BZï¿½",
            "titles":[
               "BZï¿½"
            ],
            "dataType":"string"
         },
         {
            "name":"GSI",
            "titles":[
               "GSI"
            ],
            "dataType":"string"
         },
         {
            "name":"WIR",
            "titles":[
               "WIR"
            ],
            "dataType":"string"
         },
         {
            "name":"",
            "titles":[
               ""
            ],
            "dataType":"string"
         },
         {
            "name":"http://dbpedia.org/ontology/district",
            "virtual":true,
            "aboutUrl":"{Gemeinde_url}",
            "propertyUrl":"http://dbpedia.org/ontology/district",
            "valueUrl":"{Bezirk_url}"
         }
      ]
   }
}