{
   "context":"http://www.w3.org/ns/csvw",
   "url":"auslg_2015.csv",
   "tableSchema":{
      "columns":[
         {
            "name":"Nationalitï¿½t",
            "titles":[
               "Nationalitï¿½t"
            ],
            "dataType":"string",
            "aboutUrl":"{Nationalitï¿½t_url}",
            "propertyUrl":"dcterms:title"
         },
         {
            "name":"Nationalitï¿½t_url",
            "dataType":"anyURI",
            "suppressOutput":true,
            "valueUrl":"{Nationalitï¿½t_url}"
         },
         {
            "name":"Nationalitï¿½t_alternative_urls",
            "aboutUrl":"{Nationalitï¿½t_url}",
            "separator":" ",
            "propertyUrl":"owl:sameAs",
            "valueUrl":"{Nationalitï¿½t_alternative_urls}"
         },
         {
            "name":"Nationalitï¿½t_type",
            "virtual":true,
            "aboutUrl":"{Nationalitï¿½t_url}",
            "propertyUrl":"rdf:type",
            "valueUrl":"http://dbpedia.org/class/yago/Object100002684"
         },
         {
            "name":"Nationalitï¿½t_type",
            "virtual":true,
            "aboutUrl":"{Nationalitï¿½t_url}",
            "propertyUrl":"rdf:type",
            "valueUrl":"http://schema.org/Place"
         },
         {
            "name":"Nationalitï¿½t_type",
            "virtual":true,
            "aboutUrl":"{Nationalitï¿½t_url}",
            "propertyUrl":"rdf:type",
            "valueUrl":"http://dbpedia.org/ontology/Place"
         },
         {
            "name":"Alter 0-5 Jahre",
            "titles":[
               "Alter 0-5 Jahre"
            ],
            "dataType":"string"
         },
         {
            "name":"Alter 6-19 Jahre",
            "titles":[
               "Alter 6-19 Jahre"
            ],
            "dataType":"string"
         },
         {
            "name":"Alter 20-29 Jahre",
            "titles":[
               "Alter 20-29 Jahre"
            ],
            "dataType":"string"
         },
         {
            "name":"Alter 30-39 Jahre",
            "titles":[
               "Alter 30-39 Jahre"
            ],
            "dataType":"string"
         },
         {
            "name":"Alter 40-49 Jahre",
            "titles":[
               "Alter 40-49 Jahre"
            ],
            "dataType":"string"
         },
         {
            "name":"Alter 50-59 Jahre",
            "titles":[
               "Alter 50-59 Jahre"
            ],
            "dataType":"string"
         },
         {
            "name":"Alter 60 Jahre und ï¿½lter",
            "titles":[
               "Alter 60 Jahre und ï¿½lter"
            ],
            "dataType":"string"
         },
         {
            "name":"Mï¿½nner",
            "titles":[
               "Mï¿½nner"
            ],
            "dataType":"string"
         },
         {
            "name":"Mï¿½nner_type",
            "virtual":true,
            "aboutUrl":"{Mï¿½nner_url}",
            "propertyUrl":"rdf:type",
            "valueUrl":"http://www.georss.org/georss/point"
         },
         {
            "name":"Frauen",
            "titles":[
               "Frauen"
            ],
            "dataType":"string"
         }
      ]
   }
}