[ {
  "@id" : "http://dbpedia.org/resource/Albanian_Kingdom_(1943–44)",
  "@type" : [ "http://dbpedia.org/class/yago/Object100002684", "http://schema.org/Place", "http://dbpedia.org/ontology/Place" ],
  "http://purl.org/dc/terms/title" : [ {
    "@value" : "Albanien"
  } ],
  "http://www.w3.org/2002/07/owl#sameAs" : [ {
    "@id" : "http://dbpedia.org/resource/Albania"
  } ]
}, {
  "@id" : "http://dbpedia.org/resource/Austrian_Netherlands",
  "@type" : [ "http://dbpedia.org/class/yago/Object100002684", "http://schema.org/Place", "http://dbpedia.org/ontology/Place" ],
  "http://purl.org/dc/terms/title" : [ {
    "@value" : "Niederlande"
  } ],
  "http://www.w3.org/2002/07/owl#sameAs" : [ {
    "@id" : "http://dbpedia.org/resource/Netherlands"
  } ]
}, {
  "@id" : "http://dbpedia.org/resource/Bangladesh",
  "@type" : [ "http://dbpedia.org/class/yago/Object100002684", "http://schema.org/Place", "http://dbpedia.org/ontology/Place" ],
  "http://purl.org/dc/terms/title" : [ {
    "@value" : "Bangladesch"
  } ]
}, {
  "@id" : "http://dbpedia.org/resource/Bulgaria",
  "@type" : [ "http://dbpedia.org/class/yago/Object100002684", "http://schema.org/Place", "http://dbpedia.org/ontology/Place" ],
  "http://purl.org/dc/terms/title" : [ {
    "@value" : "Bulgarien"
  } ]
}, {
  "@id" : "http://dbpedia.org/resource/Dominican_Republic",
  "@type" : [ "http://dbpedia.org/class/yago/Object100002684", "http://schema.org/Place", "http://dbpedia.org/ontology/Place" ],
  "http://purl.org/dc/terms/title" : [ {
    "@value" : "Dominikanische Republik"
  } ]
}, {
  "@id" : "http://dbpedia.org/resource/Fonseca,_La_Guajira",
  "@type" : [ "http://dbpedia.org/class/yago/Object100002684", "http://schema.org/Place", "http://dbpedia.org/ontology/Place" ],
  "http://purl.org/dc/terms/title" : [ {
    "@value" : "Kolumbien"
  } ]
}, {
  "@id" : "http://dbpedia.org/resource/German_submarine_Deutschland",
  "@type" : [ "http://dbpedia.org/class/yago/Object100002684", "http://schema.org/Place", "http://dbpedia.org/ontology/Place" ],
  "http://purl.org/dc/terms/title" : [ {
    "@value" : "Deutschland"
  } ],
  "http://www.w3.org/2002/07/owl#sameAs" : [ {
    "@id" : "http://dbpedia.org/resource/German_submarine_Deutschland"
  }, {
    "@id" : "http://de.dbpedia.org/resource/Deutschland_(Die-Prinzen-Lied)"
  } ]
}, {
  "@id" : "http://dbpedia.org/resource/Habsburg-occupied_Serbia_(1686–91)",
  "@type" : [ "http://dbpedia.org/class/yago/Object100002684", "http://schema.org/Place", "http://dbpedia.org/ontology/Place" ],
  "http://purl.org/dc/terms/title" : [ {
    "@value" : "Serbien"
  } ],
  "http://www.w3.org/2002/07/owl#sameAs" : [ {
    "@id" : "http://de.dbpedia.org/resource/Provinzen_des_Osmanischen_Reiches"
  } ]
}, {
  "@id" : "http://dbpedia.org/resource/Kazakhstan",
  "@type" : [ "http://dbpedia.org/class/yago/Object100002684", "http://schema.org/Place", "http://dbpedia.org/ontology/Place" ],
  "http://purl.org/dc/terms/title" : [ {
    "@value" : "Kasachstan"
  } ]
}, {
  "@id" : "http://dbpedia.org/resource/Kosovo,_Plovdiv_Province",
  "@type" : [ "http://dbpedia.org/class/yago/Object100002684", "http://schema.org/Place", "http://dbpedia.org/ontology/Place" ],
  "http://purl.org/dc/terms/title" : [ {
    "@value" : "Kosovo"
  } ],
  "http://www.w3.org/2002/07/owl#sameAs" : [ {
    "@id" : "http://de.dbpedia.org/resource/Provinzen_des_Osmanischen_Reiches"
  } ]
}, {
  "@id" : "http://dbpedia.org/resource/Kroatien",
  "@type" : [ "http://dbpedia.org/class/yago/Object100002684", "http://schema.org/Place", "http://dbpedia.org/ontology/Place" ],
  "http://purl.org/dc/terms/title" : [ {
    "@value" : "Kroatien"
  } ],
  "http://www.w3.org/2002/07/owl#sameAs" : [ {
    "@id" : "http://dbpedia.org/resource/Kroatien"
  }, {
    "@id" : "http://de.dbpedia.org/resource/Provinzen_des_Osmanischen_Reiches"
  } ]
}, {
  "@id" : "http://dbpedia.org/resource/Mongolia",
  "@type" : [ "http://dbpedia.org/class/yago/Object100002684", "http://schema.org/Place", "http://dbpedia.org/ontology/Place" ],
  "http://purl.org/dc/terms/title" : [ {
    "@value" : "Mongolei"
  } ]
}, {
  "@id" : "http://dbpedia.org/resource/Philippines",
  "@type" : [ "http://dbpedia.org/class/yago/Object100002684", "http://schema.org/Place", "http://dbpedia.org/ontology/Place" ],
  "http://purl.org/dc/terms/title" : [ {
    "@value" : "Philippinen"
  } ]
}, {
  "@id" : "http://dbpedia.org/resource/Slovakia",
  "@type" : [ "http://dbpedia.org/class/yago/Object100002684", "http://schema.org/Place", "http://dbpedia.org/ontology/Place" ],
  "http://purl.org/dc/terms/title" : [ {
    "@value" : "Slowakei"
  } ]
}, {
  "@id" : "http://dbpedia.org/resource/Slovenia",
  "@type" : [ "http://dbpedia.org/class/yago/Object100002684", "http://schema.org/Place", "http://dbpedia.org/ontology/Place" ],
  "http://purl.org/dc/terms/title" : [ {
    "@value" : "Slowenien"
  } ]
}, {
  "@id" : "http://dbpedia.org/resource/Tunisia",
  "@type" : [ "http://dbpedia.org/class/yago/Object100002684", "http://schema.org/Place", "http://dbpedia.org/ontology/Place" ],
  "http://purl.org/dc/terms/title" : [ {
    "@value" : "Tunesien"
  } ]
}, {
  "@id" : "http://dbpedia.org/resource/Ungarn",
  "@type" : [ "http://dbpedia.org/class/yago/Object100002684", "http://schema.org/Place", "http://dbpedia.org/ontology/Place" ],
  "http://purl.org/dc/terms/title" : [ {
    "@value" : "Ungarn"
  } ],
  "http://www.w3.org/2002/07/owl#sameAs" : [ {
    "@id" : "http://de.dbpedia.org/resource/Provinzen_des_Osmanischen_Reiches"
  } ]
}, {
  "@id" : "http://dbpedia.org/resource/Vir_(Posušje)",
  "@type" : [ "http://dbpedia.org/class/yago/Object100002684", "http://schema.org/Place", "http://dbpedia.org/ontology/Place" ],
  "http://purl.org/dc/terms/title" : [ {
    "@value" : "Bosnien und Herzegowina"
  } ],
  "http://www.w3.org/2002/07/owl#sameAs" : [ {
    "@id" : "http://de.dbpedia.org/resource/Provinzen_des_Osmanischen_Reiches"
  } ]
}, {
  "@id" : "http://dbpedia.org/resource/X_the_Unknown",
  "@type" : [ "http://dbpedia.org/class/yago/Object100002684", "http://schema.org/Place", "http://dbpedia.org/ontology/Place" ],
  "http://purl.org/dc/terms/title" : [ {
    "@value" : "unbekannt"
  } ],
  "http://www.w3.org/2002/07/owl#sameAs" : [ {
    "@id" : "http://de.dbpedia.org/resource/Kunst_im_öffentlichen_Raum_in_Stuttgart"
  } ]
} ]