[ {
  "@id" : "http://dbpedia.org/resource/AT2",
  "http://purl.org/dc/terms/title" : [ {
    "@value" : "AT2"
  } ],
  "http://www.w3.org/2002/07/owl#sameAs" : [ {
    "@id" : "http://dbpedia.org/resource/AT2"
  }, {
    "@id" : "http://de.dbpedia.org/resource/AT2"
  } ]
}, {
  "@id" : "http://dbpedia.org/resource/Aibl",
  "@type" : [ "http://dbpedia.org/class/yago/PhysicalEntity100001930", "http://dbpedia.org/ontology/Settlement", "http://www.w3.org/2003/01/geo/wgs84_pos#SpatialThing" ],
  "http://dbpedia.org/ontology/district" : [ {
    "@id" : "http://dbpedia.org/resource/Deutschlandsberg"
  } ],
  "http://purl.org/dc/terms/title" : [ {
    "@value" : "Aibl"
  } ],
  "http://www.w3.org/2002/07/owl#sameAs" : [ {
    "@id" : "http://dbpedia.org/resource/Aibl"
  }, {
    "@id" : "http://de.dbpedia.org/resource/Aibl"
  } ]
}, {
  "@id" : "http://dbpedia.org/resource/Deutschlandsberg",
  "@type" : [ "http://dbpedia.org/class/yago/District108552138", "http://dbpedia.org/ontology/Article", "http://dbpedia.org/ontology/Location", "http://dbpedia.org/class/yago/PhysicalEntity100001930", "http://dbpedia.org/ontology/Settlement", "http://www.w3.org/2003/01/geo/wgs84_pos#SpatialThing" ],
  "http://dbpedia.org/ontology/district" : [ {
    "@id" : "http://dbpedia.org/resource/Deutschlandsberg"
  } ],
  "http://purl.org/dc/terms/title" : [ {
    "@value" : "Deutschlandsberg"
  } ],
  "http://www.w3.org/2002/07/owl#sameAs" : [ {
    "@id" : "http://dbpedia.org/resource/Deutschlandsberg"
  }, {
    "@id" : "http://de.dbpedia.org/resource/Deutschlandsberg"
  } ]
}, {
  "@id" : "http://dbpedia.org/resource/Eibiswald",
  "@type" : [ "http://dbpedia.org/class/yago/PhysicalEntity100001930", "http://dbpedia.org/ontology/Settlement", "http://www.w3.org/2003/01/geo/wgs84_pos#SpatialThing" ],
  "http://dbpedia.org/ontology/district" : [ {
    "@id" : "http://dbpedia.org/resource/Deutschlandsberg"
  } ],
  "http://purl.org/dc/terms/title" : [ {
    "@value" : "Eibiswald"
  } ],
  "http://www.w3.org/2002/07/owl#sameAs" : [ {
    "@id" : "http://dbpedia.org/resource/Eibiswald"
  }, {
    "@id" : "http://de.dbpedia.org/resource/Eibiswald"
  } ]
}, {
  "@id" : "http://dbpedia.org/resource/Graz",
  "@type" : [ "http://dbpedia.org/class/yago/PhysicalEntity100001930", "http://dbpedia.org/ontology/Settlement", "http://www.w3.org/2003/01/geo/wgs84_pos#SpatialThing" ],
  "http://dbpedia.org/ontology/district" : [ {
    "@id" : "http://www.wikidata.org/entity/Q21879275"
  } ],
  "http://purl.org/dc/terms/title" : [ {
    "@value" : "Graz"
  } ],
  "http://www.w3.org/2002/07/owl#sameAs" : [ {
    "@id" : "http://dbpedia.org/resource/Graz"
  }, {
    "@id" : "http://de.dbpedia.org/resource/Graz"
  } ]
}, {
  "@id" : "http://de.dbpedia.org/resource/Kategorie:Bad_Gams",
  "@type" : [ "http://dbpedia.org/class/yago/PhysicalEntity100001930", "http://dbpedia.org/ontology/Settlement", "http://www.w3.org/2003/01/geo/wgs84_pos#SpatialThing" ],
  "http://dbpedia.org/ontology/district" : [ {
    "@id" : "http://dbpedia.org/resource/Deutschlandsberg"
  } ],
  "http://purl.org/dc/terms/title" : [ {
    "@value" : "Bad Gams"
  } ]
}, {
  "@id" : "http://de.dbpedia.org/resource/Schwarzkogel_(Lavanttaler_Alpen)",
  "@type" : [ "http://dbpedia.org/class/yago/PhysicalEntity100001930", "http://dbpedia.org/ontology/Settlement", "http://www.w3.org/2003/01/geo/wgs84_pos#SpatialThing" ],
  "http://dbpedia.org/ontology/district" : [ {
    "@id" : "http://dbpedia.org/resource/Deutschlandsberg"
  } ],
  "http://purl.org/dc/terms/title" : [ {
    "@value" : "Freiland bei Deutschlandsberg"
  } ]
}, {
  "@id" : "http://www.wikidata.org/entity/Q15200984",
  "@type" : [ "http://www.wikidata.org/ontology#Item" ],
  "http://purl.org/dc/terms/title" : [ {
    "@value" : "AT22"
  } ]
}, {
  "@id" : "http://www.wikidata.org/entity/Q21879275",
  "@type" : [ "http://dbpedia.org/class/yago/District108552138", "http://dbpedia.org/ontology/Article", "http://dbpedia.org/ontology/Location" ],
  "http://purl.org/dc/terms/title" : [ {
    "@value" : "Graz-Stadt"
  } ],
  "http://www.w3.org/2002/07/owl#sameAs" : [ {
    "@id" : "http://de.dbpedia.org/resource/Graz_Stadt-Thondorf"
  } ]
} ]