{
   "context":"http://www.w3.org/ns/csvw",
   "url":"STMK_2012_LIVEBIRTHS-20.csv",
   "tableSchema":{
      "columns":[
         {
            "name":"NUTS1",
            "titles":[
               "NUTS1"
            ],
            "dataType":"string",
            "aboutUrl":"{NUTS1_url}",
            "propertyUrl":"dcterms:title"
         },
         {
            "name":"NUTS1_url",
            "dataType":"anyURI",
            "suppressOutput":true,
            "valueUrl":"{NUTS1_url}"
         },
         {
            "name":"NUTS1_alternative_urls",
            "aboutUrl":"{NUTS1_url}",
            "separator":" ",
            "propertyUrl":"owl:sameAs",
            "valueUrl":"{NUTS1_alternative_urls}"
         },
         {
            "name":"NUTS2",
            "titles":[
               "NUTS2"
            ],
            "dataType":"string",
            "aboutUrl":"{NUTS2_url}",
            "propertyUrl":"dcterms:title"
         },
         {
            "name":"NUTS2_url",
            "dataType":"anyURI",
            "suppressOutput":true,
            "valueUrl":"{NUTS2_url}"
         },
         {
            "name":"NUTS2_alternative_urls",
            "aboutUrl":"{NUTS2_url}",
            "separator":" ",
            "propertyUrl":"owl:sameAs",
            "valueUrl":"{NUTS2_alternative_urls}"
         },
         {
            "name":"NUTS2_type",
            "virtual":true,
            "aboutUrl":"{NUTS2_url}",
            "propertyUrl":"rdf:type",
            "valueUrl":"http://www.wikidata.org/ontology#Item"
         },
         {
            "name":"NUTS3",
            "titles":[
               "NUTS3"
            ],
            "dataType":"string"
         },
         {
            "name":"NUTS3_type",
            "virtual":true,
            "aboutUrl":"{NUTS3_url}",
            "propertyUrl":"rdf:type",
            "valueUrl":"http://dbpedia.org/ontology/nutsCode"
         },
         {
            "name":"DISTRICT_CODE",
            "titles":[
               "DISTRICT_CODE"
            ],
            "dataType":"string"
         },
         {
            "name":"DISTRICT_NAME",
            "titles":[
               "DISTRICT_NAME"
            ],
            "dataType":"string",
            "aboutUrl":"{DISTRICT_NAME_url}",
            "propertyUrl":"dcterms:title"
         },
         {
            "name":"DISTRICT_NAME_url",
            "dataType":"anyURI",
            "suppressOutput":true,
            "valueUrl":"{DISTRICT_NAME_url}"
         },
         {
            "name":"DISTRICT_NAME_alternative_urls",
            "aboutUrl":"{DISTRICT_NAME_url}",
            "separator":" ",
            "propertyUrl":"owl:sameAs",
            "valueUrl":"{DISTRICT_NAME_alternative_urls}"
         },
         {
            "name":"DISTRICT_NAME_type",
            "virtual":true,
            "aboutUrl":"{DISTRICT_NAME_url}",
            "propertyUrl":"rdf:type",
            "valueUrl":"http://dbpedia.org/class/yago/District108552138"
         },
         {
            "name":"DISTRICT_NAME_type",
            "virtual":true,
            "aboutUrl":"{DISTRICT_NAME_url}",
            "propertyUrl":"rdf:type",
            "valueUrl":"http://dbpedia.org/ontology/Article"
         },
         {
            "name":"DISTRICT_NAME_type",
            "virtual":true,
            "aboutUrl":"{DISTRICT_NAME_url}",
            "propertyUrl":"rdf:type",
            "valueUrl":"http://dbpedia.org/ontology/Location"
         },
         {
            "name":"LAU_CODE",
            "titles":[
               "LAU_CODE"
            ],
            "dataType":"string"
         },
         {
            "name":"LAU_NAME",
            "titles":[
               "LAU_NAME"
            ],
            "dataType":"string",
            "aboutUrl":"{LAU_NAME_url}",
            "propertyUrl":"dcterms:title"
         },
         {
            "name":"LAU_NAME_url",
            "dataType":"anyURI",
            "suppressOutput":true,
            "valueUrl":"{LAU_NAME_url}"
         },
         {
            "name":"LAU_NAME_alternative_urls",
            "aboutUrl":"{LAU_NAME_url}",
            "separator":" ",
            "propertyUrl":"owl:sameAs",
            "valueUrl":"{LAU_NAME_alternative_urls}"
         },
         {
            "name":"LAU_NAME_type",
            "virtual":true,
            "aboutUrl":"{LAU_NAME_url}",
            "propertyUrl":"rdf:type",
            "valueUrl":"http://dbpedia.org/class/yago/PhysicalEntity100001930"
         },
         {
            "name":"LAU_NAME_type",
            "virtual":true,
            "aboutUrl":"{LAU_NAME_url}",
            "propertyUrl":"rdf:type",
            "valueUrl":"http://dbpedia.org/ontology/Settlement"
         },
         {
            "name":"LAU_NAME_type",
            "virtual":true,
            "aboutUrl":"{LAU_NAME_url}",
            "propertyUrl":"rdf:type",
            "valueUrl":"http://www.w3.org/2003/01/geo/wgs84_pos#SpatialThing"
         },
         {
            "name":"LIVEBIRTHS",
            "titles":[
               "LIVEBIRTHS"
            ],
            "dataType":"string"
         },
         {
            "name":"YEAR",
            "titles":[
               "YEAR"
            ],
            "dataType":"string"
         },
         {
            "name":"http://dbpedia.org/ontology/district",
            "virtual":true,
            "aboutUrl":"{LAU_NAME_url}",
            "propertyUrl":"http://dbpedia.org/ontology/district",
            "valueUrl":"{DISTRICT_NAME_url}"
         }
      ]
   }
}