{
   "context":"http://www.w3.org/ns/csvw",
   "url":"hunde-wien_20.csv",
   "tableSchema":{
      "columns":[
         {
            "name":"NUTS1",
            "titles":[
               "NUTS1"
            ],
            "dataType":"string",
            "aboutUrl":"{NUTS1_url}",
            "propertyUrl":"dcterms:title"
         },
         {
            "name":"NUTS1_url",
            "dataType":"anyURI",
            "suppressOutput":true,
            "valueUrl":"{NUTS1_url}"
         },
         {
            "name":"NUTS1_alternative_urls",
            "aboutUrl":"{NUTS1_url}",
            "separator":" ",
            "propertyUrl":"owl:sameAs",
            "valueUrl":"{NUTS1_alternative_urls}"
         },
         {
            "name":"NUTS2",
            "titles":[
               "NUTS2"
            ],
            "dataType":"string",
            "aboutUrl":"{NUTS2_url}",
            "propertyUrl":"dcterms:title"
         },
         {
            "name":"NUTS2_url",
            "dataType":"anyURI",
            "suppressOutput":true,
            "valueUrl":"{NUTS2_url}"
         },
         {
            "name":"NUTS2_alternative_urls",
            "aboutUrl":"{NUTS2_url}",
            "separator":" ",
            "propertyUrl":"owl:sameAs",
            "valueUrl":"{NUTS2_alternative_urls}"
         },
         {
            "name":"NUTS2_type",
            "virtual":true,
            "aboutUrl":"{NUTS2_url}",
            "propertyUrl":"rdf:type",
            "valueUrl":"http://www.wikidata.org/ontology#Item"
         },
         {
            "name":"NUTS3",
            "titles":[
               "NUTS3"
            ],
            "dataType":"string"
         },
         {
            "name":"DISTRICT_CODE",
            "titles":[
               "DISTRICT_CODE"
            ],
            "dataType":"string"
         },
         {
            "name":"SUB_DISTRICT_CODE",
            "titles":[
               "SUB_DISTRICT_CODE"
            ],
            "dataType":"string"
         },
         {
            "name":"Postal_CODE",
            "titles":[
               "Postal_CODE"
            ],
            "dataType":"string"
         },
         {
            "name":"Dog Breed",
            "titles":[
               "Dog Breed"
            ],
            "dataType":"string",
            "aboutUrl":"{Dog Breed_url}",
            "propertyUrl":"dcterms:title"
         },
         {
            "name":"Dog Breed_url",
            "dataType":"anyURI",
            "suppressOutput":true,
            "valueUrl":"{Dog Breed_url}"
         },
         {
            "name":"Dog Breed_alternative_urls",
            "aboutUrl":"{Dog Breed_url}",
            "separator":" ",
            "propertyUrl":"owl:sameAs",
            "valueUrl":"{Dog Breed_alternative_urls}"
         },
         {
            "name":"Dog Breed_type",
            "virtual":true,
            "aboutUrl":"{Dog Breed_url}",
            "propertyUrl":"rdf:type",
            "valueUrl":"http://www.wikidata.org/entity/Q39367"
         },
         {
            "name":"Dog Breed_type",
            "virtual":true,
            "aboutUrl":"{Dog Breed_url}",
            "propertyUrl":"rdf:type",
            "valueUrl":"http://dbpedia.org/dbtax/Breed"
         },
         {
            "name":"Dog Breed_type",
            "virtual":true,
            "aboutUrl":"{Dog Breed_url}",
            "propertyUrl":"rdf:type",
            "valueUrl":"http://dbpedia.org/ontology/Location"
         },
         {
            "name":"Anzahl",
            "titles":[
               "Anzahl"
            ],
            "dataType":"string"
         },
         {
            "name":"Ref_Date",
            "titles":[
               "Ref_Date"
            ],
            "dataType":"string"
         }
      ]
   }
}