NUTS1;NUTS2;NUTS3;DISTRICT_CODE;SUB_DISTRICT_CODE;Postal_CODE;Dog Breed;Anzahl;Ref_Date;NUTS1_url;NUTS1_alternative_urls;NUTS2_url;NUTS2_alternative_urls;Dog Breed_url;Dog Breed_alternative_urls
AT1;AT13;AT113;90100;.;1010;Afghanischer Windhund;1;20161201;http://dbpedia.org/resource/AT1;http://dbpedia.org/resource/AT1 http://de.dbpedia.org/resource/AT1;http://www.wikidata.org/entity/Q15184178;;http://www.wikidata.org/entity/Q21080;http://de.dbpedia.org/resource/Afghanischer_Windhund
AT1;AT13;AT113;90100;.;1010;Amerikanischer Pit-Bullterrier;1;20161201;http://dbpedia.org/resource/AT1;http://dbpedia.org/resource/AT1 http://de.dbpedia.org/resource/AT1;http://www.wikidata.org/entity/Q15184178;;;
AT1;AT13;AT113;90100;.;1010;Amerikanischer Staffordshire-Terrier;4;20161201;http://dbpedia.org/resource/AT1;http://dbpedia.org/resource/AT1 http://de.dbpedia.org/resource/AT1;http://www.wikidata.org/entity/Q15184178;;;
AT1;AT13;AT113;90100;.;1010;Amerikanischer Staffordshire-Terrier / Mischling;1;20161201;http://dbpedia.org/resource/AT1;http://dbpedia.org/resource/AT1 http://de.dbpedia.org/resource/AT1;http://www.wikidata.org/entity/Q15184178;;;
AT1;AT13;AT113;90100;.;1010;Australian Shepherd Dog;3;20161201;http://dbpedia.org/resource/AT1;http://dbpedia.org/resource/AT1 http://de.dbpedia.org/resource/AT1;http://www.wikidata.org/entity/Q15184178;;;
AT1;AT13;AT113;90100;.;1010;Australian Terrier;1;20161201;http://dbpedia.org/resource/AT1;http://dbpedia.org/resource/AT1 http://de.dbpedia.org/resource/AT1;http://www.wikidata.org/entity/Q15184178;;http://dbpedia.org/resource/Australian_Terrier;http://dbpedia.org/resource/Australian_Terrier http://de.dbpedia.org/resource/Australian_Terrier
AT1;AT13;AT113;90100;.;1010;Basset Hound;1;20161201;http://dbpedia.org/resource/AT1;http://dbpedia.org/resource/AT1 http://de.dbpedia.org/resource/AT1;http://www.wikidata.org/entity/Q15184178;;http://dbpedia.org/resource/Basset_Hound;http://www.wikidata.org/entity/Q37716 http://de.dbpedia.org/resource/Basset_Hound
AT1;AT13;AT113;90100;.;1010;Beagle;8;20161201;http://dbpedia.org/resource/AT1;http://dbpedia.org/resource/AT1 http://de.dbpedia.org/resource/AT1;http://www.wikidata.org/entity/Q15184178;;http://dbpedia.org/resource/Beagle_(software);http://dbpedia.org/resource/List_of_BSA_motorcycles__Beagle__1 http://de.dbpedia.org/resource/Beagle_(Software)
AT1;AT13;AT113;90100;.;1010;Beauceron / Alaskan Malamute;1;20161201;http://dbpedia.org/resource/AT1;http://dbpedia.org/resource/AT1 http://de.dbpedia.org/resource/AT1;http://www.wikidata.org/entity/Q15184178;;;
AT1;AT13;AT113;90100;.;1010;Bergamasker Hirtenhund / Mischling;1;20161201;http://dbpedia.org/resource/AT1;http://dbpedia.org/resource/AT1 http://de.dbpedia.org/resource/AT1;http://www.wikidata.org/entity/Q15184178;;;
AT1;AT13;AT113;90100;.;1010;Berner Sennenhund;1;20161201;http://dbpedia.org/resource/AT1;http://dbpedia.org/resource/AT1 http://de.dbpedia.org/resource/AT1;http://www.wikidata.org/entity/Q15184178;;http://dbpedia.org/resource/Berner_Sennenhund;http://de.dbpedia.org/resource/Berner_Sennenhund
AT1;AT13;AT113;90100;.;1010;Bernhardiner;1;20161201;http://dbpedia.org/resource/AT1;http://dbpedia.org/resource/AT1 http://de.dbpedia.org/resource/AT1;http://www.wikidata.org/entity/Q15184178;;http://de.dbpedia.org/resource/Bernhardiner;
AT1;AT13;AT113;90100;.;1010;Bichon Fris�;1;20161201;http://dbpedia.org/resource/AT1;http://dbpedia.org/resource/AT1 http://de.dbpedia.org/resource/AT1;http://www.wikidata.org/entity/Q15184178;;;
AT1;AT13;AT113;90100;.;1010;Bolonka Zwetna;3;20161201;http://dbpedia.org/resource/AT1;http://dbpedia.org/resource/AT1 http://de.dbpedia.org/resource/AT1;http://www.wikidata.org/entity/Q15184178;;http://www.wikidata.org/entity/Q38263;http://de.dbpedia.org/resource/Bolonka_Zwetna
AT1;AT13;AT113;90100;.;1010;Border-Collie;1;20161201;http://dbpedia.org/resource/AT1;http://dbpedia.org/resource/AT1 http://de.dbpedia.org/resource/AT1;http://www.wikidata.org/entity/Q15184178;;http://dbpedia.org/resource/Border_Collie;http://www.wikidata.org/entity/Q37710 http://de.dbpedia.org/resource/Border-Collie
AT1;AT13;AT113;90100;.;1010;Border-Collie / Mischling;4;20161201;http://dbpedia.org/resource/AT1;http://dbpedia.org/resource/AT1 http://de.dbpedia.org/resource/AT1;http://www.wikidata.org/entity/Q15184178;;;
AT1;AT13;AT113;90100;.;1010;Bosnischer Rauhhaariger Laufhund;1;20161201;http://dbpedia.org/resource/AT1;http://dbpedia.org/resource/AT1 http://de.dbpedia.org/resource/AT1;http://www.wikidata.org/entity/Q15184178;;http://de.dbpedia.org/resource/Bosnischer_Rauhhaariger_Laufhund;
AT1;AT13;AT113;90100;.;1010;Boston Terrier;2;20161201;http://dbpedia.org/resource/AT1;http://dbpedia.org/resource/AT1 http://de.dbpedia.org/resource/AT1;http://www.wikidata.org/entity/Q15184178;;http://de.dbpedia.org/resource/Boston_Terrier;
AT1;AT13;AT113;90100;.;1010;Boxer;5;20161201;http://dbpedia.org/resource/AT1;http://dbpedia.org/resource/AT1 http://de.dbpedia.org/resource/AT1;http://www.wikidata.org/entity/Q15184178;;http://de.dbpedia.org/resource/Recherche-Archipel;
AT1;AT13;AT113;90100;.;1010;Bracke / Mischling;2;20161201;http://dbpedia.org/resource/AT1;http://dbpedia.org/resource/AT1 http://de.dbpedia.org/resource/AT1;http://www.wikidata.org/entity/Q15184178;;;