NUTS1;NUTS2;NUTS3;DISTRICT_CODE;SUB_DISTRICT_CODE;Postal_CODE;Dog Breed;Anzahl;Ref_Date
AT1;AT13;AT113;90100;.;1010;Afghanischer Windhund;1;20161201
AT1;AT13;AT113;90100;.;1010;Amerikanischer Pit-Bullterrier;1;20161201
AT1;AT13;AT113;90100;.;1010;Amerikanischer Staffordshire-Terrier;4;20161201
AT1;AT13;AT113;90100;.;1010;Amerikanischer Staffordshire-Terrier / Mischling;1;20161201
AT1;AT13;AT113;90100;.;1010;Australian Shepherd Dog;3;20161201
AT1;AT13;AT113;90100;.;1010;Australian Terrier;1;20161201
AT1;AT13;AT113;90100;.;1010;Basset Hound;1;20161201
AT1;AT13;AT113;90100;.;1010;Beagle;8;20161201
AT1;AT13;AT113;90100;.;1010;Beauceron / Alaskan Malamute;1;20161201
AT1;AT13;AT113;90100;.;1010;Bergamasker Hirtenhund / Mischling;1;20161201
AT1;AT13;AT113;90100;.;1010;Berner Sennenhund;1;20161201
AT1;AT13;AT113;90100;.;1010;Bernhardiner;1;20161201
AT1;AT13;AT113;90100;.;1010;Bichon Fris�;1;20161201
AT1;AT13;AT113;90100;.;1010;Bolonka Zwetna;3;20161201
AT1;AT13;AT113;90100;.;1010;Border-Collie;1;20161201
AT1;AT13;AT113;90100;.;1010;Border-Collie / Mischling;4;20161201
AT1;AT13;AT113;90100;.;1010;Bosnischer Rauhhaariger Laufhund;1;20161201
AT1;AT13;AT113;90100;.;1010;Boston Terrier;2;20161201
AT1;AT13;AT113;90100;.;1010;Boxer;5;20161201
AT1;AT13;AT113;90100;.;1010;Bracke / Mischling;2;20161201
