[ {
  "@id" : "http://dbpedia.org/resource/AT1",
  "http://purl.org/dc/terms/title" : [ {
    "@value" : "AT1"
  } ],
  "http://www.w3.org/2002/07/owl#sameAs" : [ {
    "@id" : "http://dbpedia.org/resource/AT1"
  }, {
    "@id" : "http://de.dbpedia.org/resource/AT1"
  } ]
}, {
  "@id" : "http://dbpedia.org/resource/Australian_Terrier",
  "@type" : [ "http://www.wikidata.org/entity/Q39367", "http://dbpedia.org/dbtax/Breed", "http://dbpedia.org/ontology/Location" ],
  "http://purl.org/dc/terms/title" : [ {
    "@value" : "Australian Terrier"
  } ],
  "http://www.w3.org/2002/07/owl#sameAs" : [ {
    "@id" : "http://dbpedia.org/resource/Australian_Terrier"
  }, {
    "@id" : "http://de.dbpedia.org/resource/Australian_Terrier"
  } ]
}, {
  "@id" : "http://dbpedia.org/resource/Basset_Hound",
  "@type" : [ "http://www.wikidata.org/entity/Q39367", "http://dbpedia.org/dbtax/Breed", "http://dbpedia.org/ontology/Location" ],
  "http://purl.org/dc/terms/title" : [ {
    "@value" : "Basset Hound"
  } ],
  "http://www.w3.org/2002/07/owl#sameAs" : [ {
    "@id" : "http://www.wikidata.org/entity/Q37716"
  }, {
    "@id" : "http://de.dbpedia.org/resource/Basset_Hound"
  } ]
}, {
  "@id" : "http://dbpedia.org/resource/Beagle_(software)",
  "@type" : [ "http://www.wikidata.org/entity/Q39367", "http://dbpedia.org/dbtax/Breed", "http://dbpedia.org/ontology/Location" ],
  "http://purl.org/dc/terms/title" : [ {
    "@value" : "Beagle"
  } ],
  "http://www.w3.org/2002/07/owl#sameAs" : [ {
    "@id" : "http://dbpedia.org/resource/List_of_BSA_motorcycles__Beagle__1"
  }, {
    "@id" : "http://de.dbpedia.org/resource/Beagle_(Software)"
  } ]
}, {
  "@id" : "http://dbpedia.org/resource/Berner_Sennenhund",
  "@type" : [ "http://www.wikidata.org/entity/Q39367", "http://dbpedia.org/dbtax/Breed", "http://dbpedia.org/ontology/Location" ],
  "http://purl.org/dc/terms/title" : [ {
    "@value" : "Berner Sennenhund"
  } ],
  "http://www.w3.org/2002/07/owl#sameAs" : [ {
    "@id" : "http://de.dbpedia.org/resource/Berner_Sennenhund"
  } ]
}, {
  "@id" : "http://dbpedia.org/resource/Border_Collie",
  "@type" : [ "http://www.wikidata.org/entity/Q39367", "http://dbpedia.org/dbtax/Breed", "http://dbpedia.org/ontology/Location" ],
  "http://purl.org/dc/terms/title" : [ {
    "@value" : "Border-Collie"
  } ],
  "http://www.w3.org/2002/07/owl#sameAs" : [ {
    "@id" : "http://www.wikidata.org/entity/Q37710"
  }, {
    "@id" : "http://de.dbpedia.org/resource/Border-Collie"
  } ]
}, {
  "@id" : "http://de.dbpedia.org/resource/Bernhardiner",
  "@type" : [ "http://www.wikidata.org/entity/Q39367", "http://dbpedia.org/dbtax/Breed", "http://dbpedia.org/ontology/Location" ],
  "http://purl.org/dc/terms/title" : [ {
    "@value" : "Bernhardiner"
  } ]
}, {
  "@id" : "http://de.dbpedia.org/resource/Bosnischer_Rauhhaariger_Laufhund",
  "@type" : [ "http://www.wikidata.org/entity/Q39367", "http://dbpedia.org/dbtax/Breed", "http://dbpedia.org/ontology/Location" ],
  "http://purl.org/dc/terms/title" : [ {
    "@value" : "Bosnischer Rauhhaariger Laufhund"
  } ]
}, {
  "@id" : "http://de.dbpedia.org/resource/Boston_Terrier",
  "@type" : [ "http://www.wikidata.org/entity/Q39367", "http://dbpedia.org/dbtax/Breed", "http://dbpedia.org/ontology/Location" ],
  "http://purl.org/dc/terms/title" : [ {
    "@value" : "Boston Terrier"
  } ]
}, {
  "@id" : "http://de.dbpedia.org/resource/Recherche-Archipel",
  "@type" : [ "http://www.wikidata.org/entity/Q39367", "http://dbpedia.org/dbtax/Breed", "http://dbpedia.org/ontology/Location" ],
  "http://purl.org/dc/terms/title" : [ {
    "@value" : "Boxer"
  } ]
}, {
  "@id" : "http://www.wikidata.org/entity/Q15184178",
  "@type" : [ "http://www.wikidata.org/ontology#Item" ],
  "http://purl.org/dc/terms/title" : [ {
    "@value" : "AT13"
  } ]
}, {
  "@id" : "http://www.wikidata.org/entity/Q21080",
  "@type" : [ "http://www.wikidata.org/entity/Q39367", "http://dbpedia.org/dbtax/Breed", "http://dbpedia.org/ontology/Location" ],
  "http://purl.org/dc/terms/title" : [ {
    "@value" : "Afghanischer Windhund"
  } ],
  "http://www.w3.org/2002/07/owl#sameAs" : [ {
    "@id" : "http://de.dbpedia.org/resource/Afghanischer_Windhund"
  } ]
}, {
  "@id" : "http://www.wikidata.org/entity/Q38263",
  "@type" : [ "http://www.wikidata.org/entity/Q39367", "http://dbpedia.org/dbtax/Breed", "http://dbpedia.org/ontology/Location" ],
  "http://purl.org/dc/terms/title" : [ {
    "@value" : "Bolonka Zwetna"
  } ],
  "http://www.w3.org/2002/07/owl#sameAs" : [ {
    "@id" : "http://de.dbpedia.org/resource/Bolonka_Zwetna"
  } ]
} ]