{
   "context":"http://www.w3.org/ns/csvw",
   "url":"states_10.csv",
   "tableSchema":{
      "columns":[
         {
            "name":"ISO_NUM",
            "titles":[
               "ISO_NUM"
            ],
            "dataType":"string"
         },
         {
            "name":"ISO_2",
            "titles":[
               "ISO_2"
            ],
            "dataType":"string",
            "aboutUrl":"{ISO_2_url}",
            "propertyUrl":"dcterms:title"
         },
         {
            "name":"ISO_2_url",
            "dataType":"anyURI",
            "suppressOutput":true,
            "valueUrl":"{ISO_2_url}"
         },
         {
            "name":"ISO_2_alternative_urls",
            "aboutUrl":"{ISO_2_url}",
            "separator":" ",
            "propertyUrl":"owl:sameAs",
            "valueUrl":"{ISO_2_alternative_urls}"
         },
         {
            "name":"ISO_2_type",
            "virtual":true,
            "aboutUrl":"{ISO_2_url}",
            "propertyUrl":"rdf:type",
            "valueUrl":"http://www.w3.org/2002/07/owl#sameAs"
         },
         {
            "name":"ISO_2_type",
            "virtual":true,
            "aboutUrl":"{ISO_2_url}",
            "propertyUrl":"rdf:type",
            "valueUrl":"http://dbpedia.org/dbtax/Page"
         },
         {
            "name":"ISO_2_type",
            "virtual":true,
            "aboutUrl":"{ISO_2_url}",
            "propertyUrl":"rdf:type",
            "valueUrl":"http://de.dbpedia.org/property/internetTld"
         },
         {
            "name":"ISO_3",
            "titles":[
               "ISO_3"
            ],
            "dataType":"string",
            "aboutUrl":"{ISO_3_url}",
            "propertyUrl":"dcterms:title"
         },
         {
            "name":"ISO_3_url",
            "dataType":"anyURI",
            "suppressOutput":true,
            "valueUrl":"{ISO_3_url}"
         },
         {
            "name":"ISO_3_alternative_urls",
            "aboutUrl":"{ISO_3_url}",
            "separator":" ",
            "propertyUrl":"owl:sameAs",
            "valueUrl":"{ISO_3_alternative_urls}"
         },
         {
            "name":"ISO_3_type",
            "virtual":true,
            "aboutUrl":"{ISO_3_url}",
            "propertyUrl":"rdf:type",
            "valueUrl":"http://www.wikidata.org/ontology#Item"
         },
         {
            "name":"ISO_3_type",
            "virtual":true,
            "aboutUrl":"{ISO_3_url}",
            "propertyUrl":"rdf:type",
            "valueUrl":"http://dbpedia.org/dbtax/Page"
         },
         {
            "name":"ISO_3_type",
            "virtual":true,
            "aboutUrl":"{ISO_3_url}",
            "propertyUrl":"rdf:type",
            "valueUrl":"http://dbpedia.org/ontology/vehicleCode"
         },
         {
            "name":"NAME_GER",
            "titles":[
               "NAME_GER"
            ],
            "dataType":"string",
            "aboutUrl":"{NAME_GER_url}",
            "propertyUrl":"dcterms:title"
         },
         {
            "name":"NAME_GER_url",
            "dataType":"anyURI",
            "suppressOutput":true,
            "valueUrl":"{NAME_GER_url}"
         },
         {
            "name":"NAME_GER_alternative_urls",
            "aboutUrl":"{NAME_GER_url}",
            "separator":" ",
            "propertyUrl":"owl:sameAs",
            "valueUrl":"{NAME_GER_alternative_urls}"
         },
         {
            "name":"NAME_GER_type",
            "virtual":true,
            "aboutUrl":"{NAME_GER_url}",
            "propertyUrl":"rdf:type",
            "valueUrl":"http://dbpedia.org/class/yago/YagoPermanentlyLocatedEntity"
         },
         {
            "name":"NAME_GER_type",
            "virtual":true,
            "aboutUrl":"{NAME_GER_url}",
            "propertyUrl":"rdf:type",
            "valueUrl":"http://dbpedia.org/ontology/PopulatedPlace"
         },
         {
            "name":"NAME_GER_type",
            "virtual":true,
            "aboutUrl":"{NAME_GER_url}",
            "propertyUrl":"rdf:type",
            "valueUrl":"http://www.w3.org/2003/01/geo/wgs84_pos#SpatialThing"
         },
         {
            "name":"NAME_GER_OFF",
            "titles":[
               "NAME_GER_OFF"
            ],
            "dataType":"string",
            "aboutUrl":"{NAME_GER_OFF_url}",
            "propertyUrl":"dcterms:title"
         },
         {
            "name":"NAME_GER_OFF_url",
            "dataType":"anyURI",
            "suppressOutput":true,
            "valueUrl":"{NAME_GER_OFF_url}"
         },
         {
            "name":"NAME_GER_OFF_alternative_urls",
            "aboutUrl":"{NAME_GER_OFF_url}",
            "separator":" ",
            "propertyUrl":"owl:sameAs",
            "valueUrl":"{NAME_GER_OFF_alternative_urls}"
         },
         {
            "name":"NAME_GER_OFF_type",
            "virtual":true,
            "aboutUrl":"{NAME_GER_OFF_url}",
            "propertyUrl":"rdf:type",
            "valueUrl":"http://dbpedia.org/class/yago/Municipality108626283"
         },
         {
            "name":"NAME_GER_OFF_type",
            "virtual":true,
            "aboutUrl":"{NAME_GER_OFF_url}",
            "propertyUrl":"rdf:type",
            "valueUrl":"http://www.w3.org/2000/01/rdf-schema#seeAlso"
         },
         {
            "name":"NAME_GER_OFF_type",
            "virtual":true,
            "aboutUrl":"{NAME_GER_OFF_url}",
            "propertyUrl":"rdf:type",
            "valueUrl":"http://dbpedia.org/ontology/wikiPageWikiLink"
         },
         {
            "name":"NAME_ENG",
            "titles":[
               "NAME_ENG"
            ],
            "dataType":"string",
            "aboutUrl":"{NAME_ENG_url}",
            "propertyUrl":"dcterms:title"
         },
         {
            "name":"NAME_ENG_url",
            "dataType":"anyURI",
            "suppressOutput":true,
            "valueUrl":"{NAME_ENG_url}"
         },
         {
            "name":"NAME_ENG_alternative_urls",
            "aboutUrl":"{NAME_ENG_url}",
            "separator":" ",
            "propertyUrl":"owl:sameAs",
            "valueUrl":"{NAME_ENG_alternative_urls}"
         },
         {
            "name":"NAME_ENG_type",
            "virtual":true,
            "aboutUrl":"{NAME_ENG_url}",
            "propertyUrl":"rdf:type",
            "valueUrl":"http://dbpedia.org/ontology/Place"
         },
         {
            "name":"NAME_ENG_type",
            "virtual":true,
            "aboutUrl":"{NAME_ENG_url}",
            "propertyUrl":"rdf:type",
            "valueUrl":"http://dbpedia.org/ontology/Location"
         },
         {
            "name":"NAME_ENG_type",
            "virtual":true,
            "aboutUrl":"{NAME_ENG_url}",
            "propertyUrl":"rdf:type",
            "valueUrl":"http://dbpedia.org/ontology/Place"
         },
         {
            "name":"NAME_ENG_OFF",
            "titles":[
               "NAME_ENG_OFF"
            ],
            "dataType":"string",
            "aboutUrl":"{NAME_ENG_OFF_url}",
            "propertyUrl":"dcterms:title"
         },
         {
            "name":"NAME_ENG_OFF_url",
            "dataType":"anyURI",
            "suppressOutput":true,
            "valueUrl":"{NAME_ENG_OFF_url}"
         },
         {
            "name":"NAME_ENG_OFF_alternative_urls",
            "aboutUrl":"{NAME_ENG_OFF_url}",
            "separator":" ",
            "propertyUrl":"owl:sameAs",
            "valueUrl":"{NAME_ENG_OFF_alternative_urls}"
         },
         {
            "name":"NAME_ENG_OFF_type",
            "virtual":true,
            "aboutUrl":"{NAME_ENG_OFF_url}",
            "propertyUrl":"rdf:type",
            "valueUrl":"http://dbpedia.org/class/yago/WikicatGovernmentMinistriesOfAlbania"
         },
         {
            "name":"NAME_ENG_OFF_type",
            "virtual":true,
            "aboutUrl":"{NAME_ENG_OFF_url}",
            "propertyUrl":"rdf:type",
            "valueUrl":"http://schema.org/Place"
         },
         {
            "name":"NAME_ENG_OFF_type",
            "virtual":true,
            "aboutUrl":"{NAME_ENG_OFF_url}",
            "propertyUrl":"rdf:type",
            "valueUrl":"http://www.w3.org/2002/07/owl#sameAs"
         },
         {
            "name":"STATUS",
            "titles":[
               "STATUS"
            ],
            "dataType":"string"
         },
         {
            "name":"ASSOCIATED",
            "titles":[
               "ASSOCIATED"
            ],
            "dataType":"string",
            "aboutUrl":"{ASSOCIATED_url}",
            "propertyUrl":"dcterms:title"
         },
         {
            "name":"ASSOCIATED_url",
            "dataType":"anyURI",
            "suppressOutput":true,
            "valueUrl":"{ASSOCIATED_url}"
         },
         {
            "name":"ASSOCIATED_alternative_urls",
            "aboutUrl":"{ASSOCIATED_url}",
            "separator":" ",
            "propertyUrl":"owl:sameAs",
            "valueUrl":"{ASSOCIATED_alternative_urls}"
         },
         {
            "name":"ASSOCIATED_type",
            "virtual":true,
            "aboutUrl":"{ASSOCIATED_url}",
            "propertyUrl":"rdf:type",
            "valueUrl":"http://dbpedia.org/class/yago/WikicatKingCrimsonLiveAlbums"
         },
         {
            "name":"ASSOCIATED_type",
            "virtual":true,
            "aboutUrl":"{ASSOCIATED_url}",
            "propertyUrl":"rdf:type",
            "valueUrl":"http://dbpedia.org/dbtax/Page"
         },
         {
            "name":"ASSOCIATED_type",
            "virtual":true,
            "aboutUrl":"{ASSOCIATED_url}",
            "propertyUrl":"rdf:type",
            "valueUrl":"http://www.w3.org/1999/02/22-rdf-syntax-ns#Property"
         },
         {
            "name":"DOCUMENT",
            "titles":[
               "DOCUMENT"
            ],
            "dataType":"string",
            "aboutUrl":"{DOCUMENT_url}",
            "propertyUrl":"dcterms:title"
         },
         {
            "name":"DOCUMENT_url",
            "dataType":"anyURI",
            "suppressOutput":true,
            "valueUrl":"{DOCUMENT_url}"
         },
         {
            "name":"DOCUMENT_alternative_urls",
            "aboutUrl":"{DOCUMENT_url}",
            "separator":" ",
            "propertyUrl":"owl:sameAs",
            "valueUrl":"{DOCUMENT_alternative_urls}"
         },
         {
            "name":"DOCUMENT_type",
            "virtual":true,
            "aboutUrl":"{DOCUMENT_url}",
            "propertyUrl":"rdf:type",
            "valueUrl":"http://www.wikidata.org/ontology#Item"
         },
         {
            "name":"DOCUMENT_type",
            "virtual":true,
            "aboutUrl":"{DOCUMENT_url}",
            "propertyUrl":"rdf:type",
            "valueUrl":"http://dbpedia.org/dbtax/Page"
         },
         {
            "name":"DOCUMENT_type",
            "virtual":true,
            "aboutUrl":"{DOCUMENT_url}",
            "propertyUrl":"rdf:type",
            "valueUrl":"http://dbpedia.org/ontology/vehicleCode"
         },
         {
            "name":"EU_MEMBER",
            "titles":[
               "EU_MEMBER"
            ],
            "dataType":"string"
         },
         {
            "name":"PART_OF_EU",
            "titles":[
               "PART_OF_EU"
            ],
            "dataType":"string"
         },
         {
            "name":"CONTINENT",
            "titles":[
               "CONTINENT"
            ],
            "dataType":"string",
            "aboutUrl":"{CONTINENT_url}",
            "propertyUrl":"dcterms:title"
         },
         {
            "name":"CONTINENT_url",
            "dataType":"anyURI",
            "suppressOutput":true,
            "valueUrl":"{CONTINENT_url}"
         },
         {
            "name":"CONTINENT_alternative_urls",
            "aboutUrl":"{CONTINENT_url}",
            "separator":" ",
            "propertyUrl":"owl:sameAs",
            "valueUrl":"{CONTINENT_alternative_urls}"
         },
         {
            "name":"CONTINENT_type",
            "virtual":true,
            "aboutUrl":"{CONTINENT_url}",
            "propertyUrl":"rdf:type",
            "valueUrl":"http://dbpedia.org/class/yago/PhysicalEntity100001930"
         },
         {
            "name":"CONTINENT_type",
            "virtual":true,
            "aboutUrl":"{CONTINENT_url}",
            "propertyUrl":"rdf:type",
            "valueUrl":"http://dbpedia.org/ontology/MeanOfTransportation"
         },
         {
            "name":"CONTINENT_type",
            "virtual":true,
            "aboutUrl":"{CONTINENT_url}",
            "propertyUrl":"rdf:type",
            "valueUrl":"http://dbpedia.org/ontology/Location"
         },
         {
            "name":"PREFIX",
            "titles":[
               "PREFIX"
            ],
            "dataType":"string"
         },
         {
            "name":"PREFIX_type",
            "virtual":true,
            "aboutUrl":"{PREFIX_url}",
            "propertyUrl":"rdf:type",
            "valueUrl":"http://dbpedia.org/ontology/areaCode"
         },
         {
            "name":"TLD",
            "titles":[
               "TLD"
            ],
            "dataType":"string"
         },
         {
            "name":"TLD_type",
            "virtual":true,
            "aboutUrl":"{TLD_url}",
            "propertyUrl":"rdf:type",
            "valueUrl":"http://www.w3.org/2002/07/owl#sameAs"
         },
         {
            "name":"TLD_type",
            "virtual":true,
            "aboutUrl":"{TLD_url}",
            "propertyUrl":"rdf:type",
            "valueUrl":"http://de.dbpedia.org/property/internetTld"
         },
         {
            "name":"CAR_PLATE",
            "titles":[
               "CAR_PLATE"
            ],
            "dataType":"string",
            "aboutUrl":"{CAR_PLATE_url}",
            "propertyUrl":"dcterms:title"
         },
         {
            "name":"CAR_PLATE_url",
            "dataType":"anyURI",
            "suppressOutput":true,
            "valueUrl":"{CAR_PLATE_url}"
         },
         {
            "name":"CAR_PLATE_alternative_urls",
            "aboutUrl":"{CAR_PLATE_url}",
            "separator":" ",
            "propertyUrl":"owl:sameAs",
            "valueUrl":"{CAR_PLATE_alternative_urls}"
         },
         {
            "name":"CAR_PLATE_type",
            "virtual":true,
            "aboutUrl":"{CAR_PLATE_url}",
            "propertyUrl":"rdf:type",
            "valueUrl":"http://www.w3.org/2002/07/owl#sameAs"
         },
         {
            "name":"CAR_PLATE_type",
            "virtual":true,
            "aboutUrl":"{CAR_PLATE_url}",
            "propertyUrl":"rdf:type",
            "valueUrl":"http://dbpedia.org/dbtax/Page"
         },
         {
            "name":"CAR_PLATE_type",
            "virtual":true,
            "aboutUrl":"{CAR_PLATE_url}",
            "propertyUrl":"rdf:type",
            "valueUrl":"http://dbpedia.org/ontology/vehicleCode"
         },
         {
            "name":"DATE_OF_FORMATION",
            "titles":[
               "DATE_OF_FORMATION"
            ],
            "dataType":"string"
         },
         {
            "name":"DATE_OF_RESOLUTION",
            "titles":[
               "DATE_OF_RESOLUTION"
            ],
            "dataType":"string"
         },
         {
            "name":"EXIST_ADD",
            "titles":[
               "EXIST_ADD"
            ],
            "dataType":"string"
         },
         {
            "name":"http://www.w3.org/2000/01/rdf-schema#seeAlso",
            "virtual":true,
            "aboutUrl":"{NAME_GER_url}",
            "propertyUrl":"http://www.w3.org/2000/01/rdf-schema#seeAlso",
            "valueUrl":"{NAME_GER_OFF_url}"
         },
         {
            "name":"http://www.w3.org/2000/01/rdf-schema#seeAlso",
            "virtual":true,
            "aboutUrl":"{NAME_GER_url}",
            "propertyUrl":"http://www.w3.org/2000/01/rdf-schema#seeAlso",
            "valueUrl":"{NAME_ENG_url}"
         },
         {
            "name":"http://dbpedia.org/ontology/isPartOf",
            "virtual":true,
            "aboutUrl":"{NAME_GER_url}",
            "propertyUrl":"http://dbpedia.org/ontology/isPartOf",
            "valueUrl":"{NAME_ENG_OFF_url}"
         }
      ]
   }
}