[ {
  "@id" : "http://dbpedia.org/property/gba",
  "@type" : [ "http://www.w3.org/2002/07/owl#sameAs", "http://dbpedia.org/dbtax/Page", "http://dbpedia.org/ontology/vehicleCode" ],
  "http://purl.org/dc/terms/title" : [ {
    "@value" : "GBA"
  } ],
  "http://www.w3.org/2002/07/owl#sameAs" : [ {
    "@id" : "http://de.dbpedia.org/property/gba"
  } ]
}, {
  "@id" : "http://dbpedia.org/resource/AFG",
  "@type" : [ "http://www.wikidata.org/ontology#Item", "http://dbpedia.org/dbtax/Page", "http://dbpedia.org/ontology/vehicleCode", "http://www.w3.org/2002/07/owl#sameAs" ],
  "http://purl.org/dc/terms/title" : [ {
    "@value" : "AFG"
  } ],
  "http://www.w3.org/2002/07/owl#sameAs" : [ {
    "@id" : "http://dbpedia.org/resource/AFG"
  }, {
    "@id" : "http://de.dbpedia.org/resource/AFG"
  } ]
}, {
  "@id" : "http://dbpedia.org/resource/AL",
  "@type" : [ "http://www.w3.org/2002/07/owl#sameAs", "http://dbpedia.org/dbtax/Page", "http://de.dbpedia.org/property/internetTld", "http://dbpedia.org/ontology/vehicleCode" ],
  "http://purl.org/dc/terms/title" : [ {
    "@value" : "AL"
  } ],
  "http://www.w3.org/2002/07/owl#sameAs" : [ {
    "@id" : "http://www.wikidata.org/entity/Q208534"
  }, {
    "@id" : "http://de.dbpedia.org/property/al"
  } ]
}, {
  "@id" : "http://dbpedia.org/resource/ALA",
  "@type" : [ "http://www.wikidata.org/ontology#Item", "http://dbpedia.org/dbtax/Page", "http://dbpedia.org/ontology/vehicleCode" ],
  "http://purl.org/dc/terms/title" : [ {
    "@value" : "ALA"
  } ],
  "http://www.w3.org/2002/07/owl#sameAs" : [ {
    "@id" : "http://de.dbpedia.org/resource/ALA"
  } ]
}, {
  "@id" : "http://dbpedia.org/resource/ALB",
  "@type" : [ "http://www.wikidata.org/ontology#Item", "http://dbpedia.org/dbtax/Page", "http://dbpedia.org/ontology/vehicleCode" ],
  "http://purl.org/dc/terms/title" : [ {
    "@value" : "ALB"
  } ],
  "http://www.w3.org/2002/07/owl#sameAs" : [ {
    "@id" : "http://www.wikidata.org/entity/Q4652252"
  }, {
    "@id" : "http://de.dbpedia.org/resource/ALB"
  } ]
}, {
  "@id" : "http://dbpedia.org/resource/AQ",
  "@type" : [ "http://www.w3.org/2002/07/owl#sameAs", "http://dbpedia.org/dbtax/Page", "http://de.dbpedia.org/property/internetTld" ],
  "http://purl.org/dc/terms/title" : [ {
    "@value" : "AQ"
  } ],
  "http://www.w3.org/2002/07/owl#sameAs" : [ {
    "@id" : "http://www.wikidata.org/entity/Q218187"
  } ]
}, {
  "@id" : "http://dbpedia.org/resource/ARE",
  "@type" : [ "http://www.wikidata.org/ontology#Item", "http://dbpedia.org/dbtax/Page", "http://dbpedia.org/ontology/vehicleCode", "http://dbpedia.org/class/yago/WikicatKingCrimsonLiveAlbums", "http://www.w3.org/1999/02/22-rdf-syntax-ns#Property" ],
  "http://purl.org/dc/terms/title" : [ {
    "@value" : "ARE"
  } ],
  "http://www.w3.org/2002/07/owl#sameAs" : [ {
    "@id" : "http://www.wikidata.org/entity/Q296594"
  }, {
    "@id" : "http://de.dbpedia.org/property/are"
  } ]
}, {
  "@id" : "http://dbpedia.org/resource/AX",
  "@type" : [ "http://www.w3.org/2002/07/owl#sameAs", "http://dbpedia.org/dbtax/Page", "http://de.dbpedia.org/property/internetTld", "http://dbpedia.org/ontology/vehicleCode" ],
  "http://purl.org/dc/terms/title" : [ {
    "@value" : "AX"
  } ],
  "http://www.w3.org/2002/07/owl#sameAs" : [ {
    "@id" : "http://www.wikidata.org/entity/Q224001"
  } ]
}, {
  "@id" : "http://dbpedia.org/resource/Abu_Dhabi",
  "@type" : [ "http://dbpedia.org/class/yago/YagoPermanentlyLocatedEntity", "http://dbpedia.org/ontology/PopulatedPlace", "http://www.w3.org/2003/01/geo/wgs84_pos#SpatialThing", "http://dbpedia.org/ontology/Place", "http://dbpedia.org/ontology/Location" ],
  "http://purl.org/dc/terms/title" : [ {
    "@value" : "Abu Dhabi"
  } ],
  "http://www.w3.org/2000/01/rdf-schema#seeAlso" : [ {
    "@id" : "http://dbpedia.org/resource/Abu_Dhabi"
  } ],
  "http://www.w3.org/2002/07/owl#sameAs" : [ {
    "@id" : "http://dbpedia.org/resource/Al_Bateen_Executive_Airport"
  }, {
    "@id" : "http://de.dbpedia.org/resource/Abu_Dhabi"
  } ]
}, {
  "@id" : "http://dbpedia.org/resource/Adschman",
  "@type" : [ "http://dbpedia.org/class/yago/YagoPermanentlyLocatedEntity", "http://dbpedia.org/ontology/PopulatedPlace", "http://www.w3.org/2003/01/geo/wgs84_pos#SpatialThing" ],
  "http://dbpedia.org/ontology/isPartOf" : [ {
    "@id" : "http://dbpedia.org/resource/Emirate_of_Ajman"
  } ],
  "http://purl.org/dc/terms/title" : [ {
    "@value" : "Adschman"
  } ],
  "http://www.w3.org/2000/01/rdf-schema#seeAlso" : [ {
    "@id" : "http://dbpedia.org/resource/Emirate_of_Ajman"
  } ],
  "http://www.w3.org/2002/07/owl#sameAs" : [ {
    "@id" : "http://dbpedia.org/resource/Adschman"
  }, {
    "@id" : "http://de.dbpedia.org/resource/Adschman"
  } ]
}, {
  "@id" : "http://dbpedia.org/resource/Afghanistan",
  "@type" : [ "http://dbpedia.org/class/yago/YagoPermanentlyLocatedEntity", "http://dbpedia.org/ontology/PopulatedPlace", "http://www.w3.org/2003/01/geo/wgs84_pos#SpatialThing", "http://dbpedia.org/ontology/Place", "http://dbpedia.org/ontology/Location" ],
  "http://dbpedia.org/ontology/isPartOf" : [ {
    "@id" : "http://dbpedia.org/resource/Islamic_Republic_of_Afghanistan"
  } ],
  "http://purl.org/dc/terms/title" : [ {
    "@value" : "Afghanistan"
  } ],
  "http://www.w3.org/2000/01/rdf-schema#seeAlso" : [ {
    "@id" : "http://de.dbpedia.org/resource/Islamische_Republik_Afghanistan"
  }, {
    "@id" : "http://dbpedia.org/resource/Afghanistan"
  } ],
  "http://www.w3.org/2002/07/owl#sameAs" : [ {
    "@id" : "http://dbpedia.org/resource/Afghanistan_national_football_team"
  }, {
    "@id" : "http://de.dbpedia.org/resource/Afghanistan"
  } ]
}, {
  "@id" : "http://dbpedia.org/resource/Afrika_(song)",
  "@type" : [ "http://dbpedia.org/class/yago/PhysicalEntity100001930", "http://dbpedia.org/ontology/MeanOfTransportation", "http://dbpedia.org/ontology/Location" ],
  "http://purl.org/dc/terms/title" : [ {
    "@value" : "Afrika"
  } ],
  "http://www.w3.org/2002/07/owl#sameAs" : [ {
    "@id" : "http://dbpedia.org/resource/Afrika_(artist)"
  }, {
    "@id" : "http://de.dbpedia.org/resource/Afrika_(Flieth-Stegelitz)"
  } ]
}, {
  "@id" : "http://dbpedia.org/resource/Akrotiri,_Crete",
  "@type" : [ "http://dbpedia.org/class/yago/YagoPermanentlyLocatedEntity", "http://dbpedia.org/ontology/PopulatedPlace", "http://www.w3.org/2003/01/geo/wgs84_pos#SpatialThing", "http://dbpedia.org/class/yago/Municipality108626283", "http://www.w3.org/2000/01/rdf-schema#seeAlso", "http://dbpedia.org/ontology/wikiPageWikiLink", "http://dbpedia.org/ontology/Place", "http://dbpedia.org/ontology/Location" ],
  "http://purl.org/dc/terms/title" : [ {
    "@value" : "Akrotiri"
  } ],
  "http://www.w3.org/2000/01/rdf-schema#seeAlso" : [ {
    "@id" : "http://dbpedia.org/resource/Akrotiri,_Crete"
  } ]
}, {
  "@id" : "http://dbpedia.org/resource/Albania,_La_Guajira",
  "@type" : [ "http://dbpedia.org/ontology/Place", "http://dbpedia.org/ontology/Location" ],
  "http://purl.org/dc/terms/title" : [ {
    "@value" : "Albania"
  } ],
  "http://www.w3.org/2002/07/owl#sameAs" : [ {
    "@id" : "http://dbpedia.org/resource/Albania,_La_Guajira"
  }, {
    "@id" : "http://de.dbpedia.org/resource/Albania_(La_Guajira)"
  } ]
}, {
  "@id" : "http://dbpedia.org/resource/Albanian_Kingdom_(1943–44)",
  "@type" : [ "http://dbpedia.org/class/yago/YagoPermanentlyLocatedEntity", "http://dbpedia.org/ontology/PopulatedPlace", "http://www.w3.org/2003/01/geo/wgs84_pos#SpatialThing" ],
  "http://dbpedia.org/ontology/isPartOf" : [ {
    "@id" : "http://dbpedia.org/resource/Ministry_of_Foreign_Affairs_(Albania)"
  } ],
  "http://purl.org/dc/terms/title" : [ {
    "@value" : "Albanien"
  } ],
  "http://www.w3.org/2000/01/rdf-schema#seeAlso" : [ {
    "@id" : "http://www.wikidata.org/entity/Q1625960"
  }, {
    "@id" : "http://dbpedia.org/resource/Albania,_La_Guajira"
  } ],
  "http://www.w3.org/2002/07/owl#sameAs" : [ {
    "@id" : "http://dbpedia.org/resource/Albania"
  } ]
}, {
  "@id" : "http://dbpedia.org/resource/Antarktis",
  "@type" : [ "http://dbpedia.org/class/yago/PhysicalEntity100001930", "http://dbpedia.org/ontology/MeanOfTransportation", "http://dbpedia.org/ontology/Location" ],
  "http://purl.org/dc/terms/title" : [ {
    "@value" : "Antarktis"
  } ],
  "http://www.w3.org/2002/07/owl#sameAs" : [ {
    "@id" : "http://www.wikidata.org/entity/Q14590005"
  }, {
    "@id" : "http://de.dbpedia.org/resource/Antarktis"
  } ]
}, {
  "@id" : "http://dbpedia.org/resource/Anégrée_Freese",
  "@type" : [ "http://www.w3.org/2002/07/owl#sameAs", "http://dbpedia.org/dbtax/Page", "http://de.dbpedia.org/property/internetTld" ],
  "http://purl.org/dc/terms/title" : [ {
    "@value" : "AF"
  } ],
  "http://www.w3.org/2002/07/owl#sameAs" : [ {
    "@id" : "http://dbpedia.org/resource/Anégrée_Freese"
  }, {
    "@id" : "http://de.dbpedia.org/property/af"
  } ]
}, {
  "@id" : "http://dbpedia.org/resource/CYP",
  "@type" : [ "http://www.wikidata.org/ontology#Item", "http://dbpedia.org/dbtax/Page", "http://dbpedia.org/ontology/vehicleCode" ],
  "http://purl.org/dc/terms/title" : [ {
    "@value" : "CYP"
  } ],
  "http://www.w3.org/2002/07/owl#sameAs" : [ {
    "@id" : "http://dbpedia.org/resource/CYP"
  }, {
    "@id" : "http://de.dbpedia.org/resource/CYP"
  } ]
}, {
  "@id" : "http://dbpedia.org/resource/DW-TV",
  "@type" : [ "http://dbpedia.org/class/yago/PhysicalEntity100001930", "http://dbpedia.org/ontology/MeanOfTransportation", "http://dbpedia.org/ontology/Location" ],
  "http://purl.org/dc/terms/title" : [ {
    "@value" : "Asien"
  } ],
  "http://www.w3.org/2002/07/owl#sameAs" : [ {
    "@id" : "http://www.wikidata.org/entity/Q15755122"
  }, {
    "@id" : "http://de.dbpedia.org/resource/Asien"
  } ]
}, {
  "@id" : "http://dbpedia.org/resource/EG",
  "@type" : [ "http://www.w3.org/2002/07/owl#sameAs", "http://dbpedia.org/dbtax/Page", "http://de.dbpedia.org/property/internetTld" ],
  "http://purl.org/dc/terms/title" : [ {
    "@value" : "EG"
  } ],
  "http://www.w3.org/2002/07/owl#sameAs" : [ {
    "@id" : "http://www.wikidata.org/entity/Q224811"
  }, {
    "@id" : "http://de.dbpedia.org/resource/Liste_der_Baudenkmale_in_Anklam"
  } ]
}, {
  "@id" : "http://dbpedia.org/resource/EGY",
  "@type" : [ "http://www.wikidata.org/ontology#Item", "http://dbpedia.org/dbtax/Page", "http://dbpedia.org/ontology/vehicleCode" ],
  "http://purl.org/dc/terms/title" : [ {
    "@value" : "EGY"
  } ],
  "http://www.w3.org/2002/07/owl#sameAs" : [ {
    "@id" : "http://www.wikidata.org/entity/Q404747"
  }, {
    "@id" : "http://de.dbpedia.org/resource/EGY"
  } ]
}, {
  "@id" : "http://dbpedia.org/resource/Egypt_national_football_team",
  "@type" : [ "http://dbpedia.org/ontology/Place", "http://dbpedia.org/ontology/Location" ],
  "http://purl.org/dc/terms/title" : [ {
    "@value" : "Egypt"
  } ],
  "http://www.w3.org/2002/07/owl#sameAs" : [ {
    "@id" : "http://dbpedia.org/resource/Sasanian_Egypt"
  }, {
    "@id" : "http://de.dbpedia.org/resource/Egypt"
  } ]
}, {
  "@id" : "http://dbpedia.org/resource/Emirate_of_Ajman",
  "@type" : [ "http://dbpedia.org/ontology/Place", "http://dbpedia.org/ontology/Location", "http://dbpedia.org/class/yago/WikicatGovernmentMinistriesOfAlbania", "http://schema.org/Place", "http://www.w3.org/2002/07/owl#sameAs" ],
  "http://purl.org/dc/terms/title" : [ {
    "@value" : "Ajman"
  }, {
    "@value" : "Emirate of Ajman"
  } ]
}, {
  "@id" : "http://dbpedia.org/resource/FIN",
  "@type" : [ "http://dbpedia.org/class/yago/WikicatKingCrimsonLiveAlbums", "http://dbpedia.org/dbtax/Page", "http://www.w3.org/1999/02/22-rdf-syntax-ns#Property", "http://www.wikidata.org/ontology#Item", "http://dbpedia.org/ontology/vehicleCode" ],
  "http://purl.org/dc/terms/title" : [ {
    "@value" : "FIN"
  } ],
  "http://www.w3.org/2002/07/owl#sameAs" : [ {
    "@id" : "http://www.wikidata.org/entity/Q276956"
  }, {
    "@id" : "http://de.dbpedia.org/resource/FIN"
  } ]
}, {
  "@id" : "http://dbpedia.org/resource/FRA",
  "@type" : [ "http://dbpedia.org/class/yago/WikicatKingCrimsonLiveAlbums", "http://dbpedia.org/dbtax/Page", "http://www.w3.org/1999/02/22-rdf-syntax-ns#Property", "http://www.wikidata.org/ontology#Item", "http://dbpedia.org/ontology/vehicleCode" ],
  "http://purl.org/dc/terms/title" : [ {
    "@value" : "FRA"
  } ],
  "http://www.w3.org/2002/07/owl#sameAs" : [ {
    "@id" : "http://dbpedia.org/property/fra"
  }, {
    "@id" : "http://de.dbpedia.org/resource/FRA"
  } ]
}, {
  "@id" : "http://dbpedia.org/resource/GB",
  "@type" : [ "http://www.w3.org/2002/07/owl#sameAs", "http://dbpedia.org/dbtax/Page", "http://de.dbpedia.org/property/internetTld", "http://dbpedia.org/ontology/vehicleCode" ],
  "http://purl.org/dc/terms/title" : [ {
    "@value" : "GB"
  } ],
  "http://www.w3.org/2002/07/owl#sameAs" : [ {
    "@id" : "http://dbpedia.org/property/gb"
  } ]
}, {
  "@id" : "http://dbpedia.org/resource/GBR",
  "@type" : [ "http://www.wikidata.org/ontology#Item", "http://dbpedia.org/dbtax/Page", "http://dbpedia.org/ontology/vehicleCode", "http://dbpedia.org/class/yago/WikicatKingCrimsonLiveAlbums", "http://www.w3.org/1999/02/22-rdf-syntax-ns#Property" ],
  "http://purl.org/dc/terms/title" : [ {
    "@value" : "GBR"
  } ],
  "http://www.w3.org/2002/07/owl#sameAs" : [ {
    "@id" : "http://dbpedia.org/resource/GBR"
  }, {
    "@id" : "http://de.dbpedia.org/resource/GBR"
  } ]
}, {
  "@id" : "http://dbpedia.org/resource/GG",
  "@type" : [ "http://www.w3.org/2002/07/owl#sameAs", "http://dbpedia.org/dbtax/Page", "http://de.dbpedia.org/property/internetTld" ],
  "http://purl.org/dc/terms/title" : [ {
    "@value" : "GG"
  } ],
  "http://www.w3.org/2002/07/owl#sameAs" : [ {
    "@id" : "http://www.wikidata.org/entity/Q225564"
  } ]
}, {
  "@id" : "http://dbpedia.org/resource/Ggy_freelance",
  "@type" : [ "http://www.wikidata.org/ontology#Item", "http://dbpedia.org/dbtax/Page", "http://dbpedia.org/ontology/vehicleCode" ],
  "http://purl.org/dc/terms/title" : [ {
    "@value" : "GGY"
  } ],
  "http://www.w3.org/2002/07/owl#sameAs" : [ {
    "@id" : "http://de.dbpedia.org/resource/GGY"
  } ]
}, {
  "@id" : "http://dbpedia.org/resource/HMS_Bicester_(M36)",
  "@type" : [ "http://dbpedia.org/class/yago/PhysicalEntity100001930", "http://dbpedia.org/ontology/MeanOfTransportation", "http://dbpedia.org/ontology/Location" ],
  "http://purl.org/dc/terms/title" : [ {
    "@value" : "Europa"
  } ],
  "http://www.w3.org/2002/07/owl#sameAs" : [ {
    "@id" : "http://dbpedia.org/resource/Europa_(Brescia_Metro)"
  }, {
    "@id" : "http://de.dbpedia.org/resource/Îles_Éparses"
  } ]
}, {
  "@id" : "http://dbpedia.org/resource/Islamic_Republic_of_Afghanistan",
  "@type" : [ "http://dbpedia.org/class/yago/WikicatGovernmentMinistriesOfAlbania", "http://schema.org/Place", "http://www.w3.org/2002/07/owl#sameAs" ],
  "http://purl.org/dc/terms/title" : [ {
    "@value" : "Islamic Republic of Afghanistan"
  } ],
  "http://www.w3.org/2002/07/owl#sameAs" : [ {
    "@id" : "http://dbpedia.org/resource/Islamic_Republic_of_Afghanistan"
  } ]
}, {
  "@id" : "http://dbpedia.org/resource/Ministry_of_Foreign_Affairs_(Albania)",
  "@type" : [ "http://dbpedia.org/class/yago/WikicatGovernmentMinistriesOfAlbania", "http://schema.org/Place", "http://www.w3.org/2002/07/owl#sameAs" ],
  "http://purl.org/dc/terms/title" : [ {
    "@value" : "Republic of Albania"
  } ],
  "http://www.w3.org/2002/07/owl#sameAs" : [ {
    "@id" : "http://dbpedia.org/resource/Ministry_of_Foreign_Affairs_(Albania)"
  } ]
}, {
  "@id" : "http://dbpedia.org/resource/Toyota_AA__AE__1",
  "@type" : [ "http://www.w3.org/2002/07/owl#sameAs", "http://dbpedia.org/dbtax/Page", "http://de.dbpedia.org/property/internetTld" ],
  "http://purl.org/dc/terms/title" : [ {
    "@value" : "AE"
  } ],
  "http://www.w3.org/2002/07/owl#sameAs" : [ {
    "@id" : "http://dbpedia.org/resource/Toyota_AA__AE__1"
  }, {
    "@id" : "http://de.dbpedia.org/resource/AE"
  } ]
}, {
  "@id" : "http://dbpedia.org/resource/UAE_(emulator)",
  "@type" : [ "http://www.w3.org/2002/07/owl#sameAs", "http://dbpedia.org/dbtax/Page", "http://dbpedia.org/ontology/vehicleCode" ],
  "http://purl.org/dc/terms/title" : [ {
    "@value" : "UAE"
  } ],
  "http://www.w3.org/2002/07/owl#sameAs" : [ {
    "@id" : "http://dbpedia.org/resource/UAE_(emulator)"
  }, {
    "@id" : "http://de.dbpedia.org/resource/UAE"
  } ]
}, {
  "@id" : "http://dbpedia.org/resource/US",
  "@type" : [ "http://www.w3.org/2002/07/owl#sameAs", "http://dbpedia.org/dbtax/Page", "http://de.dbpedia.org/property/internetTld" ],
  "http://purl.org/dc/terms/title" : [ {
    "@value" : "US"
  } ]
}, {
  "@id" : "http://dbpedia.org/resource/USA_(album)",
  "@type" : [ "http://www.wikidata.org/ontology#Item", "http://dbpedia.org/dbtax/Page", "http://dbpedia.org/ontology/vehicleCode", "http://dbpedia.org/class/yago/WikicatKingCrimsonLiveAlbums", "http://www.w3.org/1999/02/22-rdf-syntax-ns#Property", "http://www.w3.org/2002/07/owl#sameAs" ],
  "http://purl.org/dc/terms/title" : [ {
    "@value" : "USA"
  } ],
  "http://www.w3.org/2002/07/owl#sameAs" : [ {
    "@id" : "http://dbpedia.org/resource/USA_(album)"
  }, {
    "@id" : "http://de.dbpedia.org/property/usa"
  } ]
}, {
  "@id" : "http://dbpedia.org/resource/USS_America_(ID-3006)",
  "@type" : [ "http://dbpedia.org/class/yago/PhysicalEntity100001930", "http://dbpedia.org/ontology/MeanOfTransportation", "http://dbpedia.org/ontology/Location" ],
  "http://purl.org/dc/terms/title" : [ {
    "@value" : "Amerika"
  } ],
  "http://www.w3.org/2002/07/owl#sameAs" : [ {
    "@id" : "http://de.dbpedia.org/resource/Amerika_(Lied)"
  } ]
}, {
  "@id" : "http://de.dbpedia.org/resource/ATA",
  "@type" : [ "http://www.wikidata.org/ontology#Item", "http://dbpedia.org/dbtax/Page", "http://dbpedia.org/ontology/vehicleCode" ],
  "http://purl.org/dc/terms/title" : [ {
    "@value" : "ATA"
  } ]
}, {
  "@id" : "http://de.dbpedia.org/resource/Islamische_Republik_Afghanistan",
  "@type" : [ "http://dbpedia.org/class/yago/Municipality108626283", "http://www.w3.org/2000/01/rdf-schema#seeAlso", "http://dbpedia.org/ontology/wikiPageWikiLink" ],
  "http://purl.org/dc/terms/title" : [ {
    "@value" : "Islamische Republik Afghanistan"
  } ]
}, {
  "@id" : "http://www.wikidata.org/entity/Q1625960",
  "@type" : [ "http://dbpedia.org/class/yago/Municipality108626283", "http://www.w3.org/2000/01/rdf-schema#seeAlso", "http://dbpedia.org/ontology/wikiPageWikiLink" ],
  "http://purl.org/dc/terms/title" : [ {
    "@value" : "Republik Albanien"
  } ],
  "http://www.w3.org/2002/07/owl#sameAs" : [ {
    "@id" : "http://de.dbpedia.org/resource/Republik_Albanien"
  } ]
}, {
  "@id" : "http://www.wikidata.org/entity/Q537953",
  "@type" : [ "http://www.w3.org/2002/07/owl#sameAs", "http://dbpedia.org/dbtax/Page", "http://dbpedia.org/ontology/vehicleCode" ],
  "http://purl.org/dc/terms/title" : [ {
    "@value" : "ET"
  } ],
  "http://www.w3.org/2002/07/owl#sameAs" : [ {
    "@id" : "http://de.dbpedia.org/property/et"
  } ]
} ]